unit,nomor,supplier,tgl_bayar,konfir,transfer,cn,memo,outstanding,status
----,-----,--------,---------,------,--------,--,----,-----------,------
BJN,BYP/06/26/00643,19B005,2026-06-11,80100000.00,.00,.00,.00,80100000.00,BELUM BAYAR
BJN,BYP/06/26/00691,19B005,2026-06-11,80550000.00,.00,.00,.00,80550000.00,BELUM BAYAR
BJN,BYP/06/26/00692,19B005,2026-06-11,80100000.00,.00,.00,.00,80100000.00,BELUM BAYAR
BJN,BYP/06/26/00650,19B005,2026-06-11,80100000.00,.00,.00,.00,80100000.00,BELUM BAYAR
BJN,BYP/06/26/00681,19B005,2026-06-11,80100000.00,.00,.00,.00,80100000.00,BELUM BAYAR
BJN,BYP/06/26/00682,19B005,2026-06-11,79750000.00,.00,.00,.00,79750000.00,BELUM BAYAR
BJN,BYP/06/26/00693,19B005,2026-06-11,79875000.00,.00,.00,.00,79875000.00,BELUM BAYAR
BJN,BYP/06/26/00694,19B005,2026-06-11,80200000.00,.00,.00,.00,80200000.00,BELUM BAYAR
BJN,BYP/06/26/00730,19B005,2026-06-12,70475000.00,.00,.00,.00,70475000.00,BELUM BAYAR
BJN,BYP/06/26/00763,19B005,2026-06-12,80100000.00,.00,.00,.00,80100000.00,BELUM BAYAR
BJN,BYP/06/26/00764,19B005,2026-06-12,80100000.00,.00,.00,.00,80100000.00,BELUM BAYAR
BJN,BYP/06/26/00766,19B005,2026-06-12,80100000.00,.00,.00,.00,80100000.00,BELUM BAYAR
BJN,BYP/06/26/00729,19B005,2026-06-12,80100000.00,.00,.00,.00,80100000.00,BELUM BAYAR
BJN,BYP/06/26/00765,19B005,2026-06-12,79350000.00,.00,.00,.00,79350000.00,BELUM BAYAR
BJN,BYP/06/26/00776,19B005,2026-06-13,71600000.00,.00,.00,.00,71600000.00,BELUM BAYAR
BJN,BYP/06/26/00779,19B005,2026-06-13,71200000.00,.00,.00,.00,71200000.00,BELUM BAYAR
BJN,BYP/06/26/00781,19B005,2026-06-13,78750000.00,.00,.00,.00,78750000.00,BELUM BAYAR
BJN,BYP/06/26/00802,19B005,2026-06-13,79500000.00,.00,.00,.00,79500000.00,BELUM BAYAR
BJN,BYP/06/26/00851,19B005,2026-06-13,79725000.00,.00,.00,.00,79725000.00,BELUM BAYAR
BJN,BYP/06/26/00852,19B005,2026-06-13,79500000.00,.00,.00,.00,79500000.00,BELUM BAYAR
BJN,BYP/06/26/00853,19B005,2026-06-13,80100000.00,.00,.00,.00,80100000.00,BELUM BAYAR
BJN,BYP/06/26/00854,19B005,2026-06-13,79200000.00,.00,.00,.00,79200000.00,BELUM BAYAR
BJN,BYP/06/26/00855,19B005,2026-06-13,80150000.00,.00,.00,.00,80150000.00,BELUM BAYAR
BJN,BYP/06/26/00774,19B005,2026-06-13,79200000.00,.00,.00,.00,79200000.00,BELUM BAYAR
BWI,BYP/03/26/01850,19B005,2026-03-24,402825000.00,80000000.00,.00,.00,322825000.00,PARSIAL/BEDA
BWI,BYP/03/26/01851,19B005,2026-03-24,80000000.00,402825000.00,.00,.00,-322825000.00,PARSIAL/BEDA
BWI,BYP/06/26/00809,19B005,2026-06-12,80325000.00,.00,.00,.00,80325000.00,BELUM BAYAR
BWI,BYP/06/26/00813,19B005,2026-06-12,78750000.00,.00,.00,.00,78750000.00,BELUM BAYAR
BWI,BYP/06/26/00862,19B005,2026-06-12,89000000.00,.00,.00,.00,89000000.00,BELUM BAYAR
BWI,BYP/06/26/00811,19B005,2026-06-12,148750000.00,.00,.00,.00,148750000.00,BELUM BAYAR
BWI,BYP/06/26/00882,19B005,2026-06-13,70000000.00,.00,.00,.00,70000000.00,BELUM BAYAR
BWI,BYP/06/26/00875,19B005,2026-06-13,441625000.00,.00,.00,.00,441625000.00,BELUM BAYAR
BWI,BYP/06/26/00877,19B005,2026-06-13,80100000.00,.00,.00,.00,80100000.00,BELUM BAYAR
BWI,BYP/06/26/00881,19B005,2026-06-13,437500000.00,.00,.00,.00,437500000.00,BELUM BAYAR
GSK,BYP/06/26/00698,19B005,2026-06-11,71200000.00,.00,.00,.00,71200000.00,BELUM BAYAR
GSK,BYP/06/26/00699,19B005,2026-06-11,70000000.00,.00,.00,.00,70000000.00,BELUM BAYAR
GSK,BYP/06/26/00696,19B005,2026-06-11,70650000.00,.00,.00,.00,70650000.00,BELUM BAYAR
GSK,BYP/06/26/00697,19B005,2026-06-11,70000000.00,.00,.00,.00,70000000.00,BELUM BAYAR
GSK,BYP/06/26/00700,19B005,2026-06-11,70000000.00,.00,.00,.00,70000000.00,BELUM BAYAR
GSK,BYP/06/26/00717,19B005,2026-06-12,70000000.00,.00,.00,.00,70000000.00,BELUM BAYAR
GSK,BYP/06/26/00762,19B005,2026-06-12,70600000.00,.00,.00,.00,70600000.00,BELUM BAYAR
GSK,BYP/06/26/00718,19B005,2026-06-12,70225000.00,.00,.00,.00,70225000.00,BELUM BAYAR
GSK,BYP/06/26/00814,19B005,2026-06-13,71000000.00,.00,.00,.00,71000000.00,BELUM BAYAR
GSK,BYP/06/26/00856,19B005,2026-06-13,71200000.00,.00,.00,.00,71200000.00,BELUM BAYAR
GSK,BYP/06/26/00857,19B005,2026-06-13,71200000.00,.00,.00,.00,71200000.00,BELUM BAYAR
GSK,BYP/06/26/00863,19B005,2026-06-13,70000000.00,.00,.00,.00,70000000.00,BELUM BAYAR
GSK,BYP/06/26/00858,19B005,2026-06-13,70000000.00,.00,.00,.00,70000000.00,BELUM BAYAR
JBR,BYP/06/26/00742,19B005,2026-06-12,380450000.00,.00,.00,.00,380450000.00,BELUM BAYAR
JBR,BYP/06/26/00860,19B005,2026-06-13,183750000.00,.00,.00,.00,183750000.00,BELUM BAYAR
JBR,BYP/06/26/00859,19B005,2026-06-13,381750000.00,.00,.00,.00,381750000.00,BELUM BAYAR
KDR,BYP/12/25/00566,19B005,2025-11-15,65550000.00,65400000.00,.00,.00,150000.00,PARSIAL/BEDA
KDR,BYP/06/26/00689,19B005,2026-06-11,62300000.00,.00,.00,.00,62300000.00,BELUM BAYAR
KDR,BYP/06/26/00690,19B005,2026-06-11,61250000.00,.00,.00,.00,61250000.00,BELUM BAYAR
KDR,BYP/06/26/00756,19B005,2026-06-12,70800000.00,.00,.00,.00,70800000.00,BELUM BAYAR
KDR,BYP/06/26/00751,19B005,2026-06-12,61250000.00,.00,.00,.00,61250000.00,BELUM BAYAR
KDR,BYP/06/26/00754,19B005,2026-06-12,62300000.00,.00,.00,.00,62300000.00,BELUM BAYAR
KDR,BYP/06/26/00752,19B005,2026-06-12,70000000.00,.00,.00,.00,70000000.00,BELUM BAYAR
KDR,BYP/06/26/00753,19B005,2026-06-12,71200000.00,.00,.00,.00,71200000.00,BELUM BAYAR
KDR,BYP/06/26/00755,19B005,2026-06-12,71200000.00,.00,.00,.00,71200000.00,BELUM BAYAR
KDR,BYP/06/26/00820,19B005,2026-06-13,61250000.00,.00,.00,.00,61250000.00,BELUM BAYAR
KDR,BYP/06/26/00821,19B005,2026-06-13,71200000.00,.00,.00,.00,71200000.00,BELUM BAYAR
KDR,BYP/06/26/00823,19B005,2026-06-13,62075000.00,.00,.00,.00,62075000.00,BELUM BAYAR
KDR,BYP/06/26/00824,19B005,2026-06-13,62300000.00,.00,.00,.00,62300000.00,BELUM BAYAR
KDR,BYP/06/26/00822,19B005,2026-06-13,62475000.00,.00,.00,.00,62475000.00,BELUM BAYAR
KDR,BYP/06/26/00825,19B005,2026-06-13,62300000.00,.00,.00,.00,62300000.00,BELUM BAYAR
LMG,BYP/12/25/01071,19B005,2025-11-27,65600000.00,64000000.00,.00,.00,1600000.00,PARSIAL/BEDA
LMG,BYP/11/25/01639,19B005,2025-11-27,64200000.00,.00,.00,.00,64200000.00,BELUM BAYAR
LMG,BYP/11/25/01637,19B005,2025-11-29,64825000.00,.00,.00,.00,64825000.00,BELUM BAYAR
LMG,BYP/06/26/00685,19B005,2026-06-11,71337500.00,.00,.00,.00,71337500.00,BELUM BAYAR
LMG,BYP/06/26/00683,19B005,2026-06-11,70000000.00,.00,.00,.00,70000000.00,BELUM BAYAR
LMG,BYP/06/26/00684,19B005,2026-06-11,70800000.00,.00,.00,.00,70800000.00,BELUM BAYAR
LMG,BYP/06/26/00686,19B005,2026-06-11,70000000.00,.00,.00,.00,70000000.00,BELUM BAYAR
LMG,BYP/06/26/00687,19B005,2026-06-11,71037500.00,.00,.00,.00,71037500.00,BELUM BAYAR
LMG,BYP/06/26/00688,19B005,2026-06-11,70000000.00,.00,.00,.00,70000000.00,BELUM BAYAR
LMG,BYP/06/26/00760,19B005,2026-06-12,70000000.00,.00,.00,.00,70000000.00,BELUM BAYAR
LMG,BYP/06/26/00757,19B005,2026-06-12,70000000.00,.00,.00,.00,70000000.00,BELUM BAYAR
LMG,BYP/06/26/00759,19B005,2026-06-12,71275000.00,.00,.00,.00,71275000.00,BELUM BAYAR
LMG,BYP/06/26/00761,19B005,2026-06-12,70725000.00,.00,.00,.00,70725000.00,BELUM BAYAR
LMG,BYP/06/26/00758,19B005,2026-06-12,70600000.00,.00,.00,.00,70600000.00,BELUM BAYAR
LMG,BYP/06/26/00840,19B005,2026-06-13,70000000.00,.00,.00,.00,70000000.00,BELUM BAYAR
LMG,BYP/06/26/00846,19B005,2026-06-13,70000000.00,.00,.00,.00,70000000.00,BELUM BAYAR
LMG,BYP/06/26/00849,19B005,2026-06-13,70562500.00,.00,.00,.00,70562500.00,BELUM BAYAR
LMG,BYP/06/26/00848,19B005,2026-06-13,71225000.00,.00,.00,.00,71225000.00,BELUM BAYAR
LMG,BYP/06/26/00841,19B005,2026-06-13,71012500.00,.00,.00,.00,71012500.00,BELUM BAYAR
LMG,BYP/06/26/00842,19B005,2026-06-13,70000000.00,.00,.00,.00,70000000.00,BELUM BAYAR
LMG,BYP/06/26/00843,19B005,2026-06-13,71250000.00,.00,.00,.00,71250000.00,BELUM BAYAR
LMG,BYP/06/26/00845,19B005,2026-06-13,70000000.00,.00,.00,.00,70000000.00,BELUM BAYAR
LMG,BYP/06/26/00847,19B005,2026-06-13,70000000.00,.00,.00,.00,70000000.00,BELUM BAYAR
LMG,BYP/06/26/00850,19B005,2026-06-13,70000000.00,.00,.00,.00,70000000.00,BELUM BAYAR
LMG,BYP/06/26/00844,19B005,2026-06-13,70525000.00,.00,.00,.00,70525000.00,BELUM BAYAR
LMJ,BYP/06/26/00640,19B005,2026-06-11,61250000.00,.00,.00,.00,61250000.00,BELUM BAYAR
LMJ,BYP/06/26/00641,19B005,2026-06-11,62300000.00,.00,.00,.00,62300000.00,BELUM BAYAR
LMJ,BYP/06/26/00642,19B005,2026-06-11,61437500.00,.00,.00,.00,61437500.00,BELUM BAYAR
LMJ,BYP/06/26/00670,19B005,2026-06-11,61250000.00,.00,.00,.00,61250000.00,BELUM BAYAR
LMJ,BYP/06/26/00671,19B005,2026-06-11,61850000.00,.00,.00,.00,61850000.00,BELUM BAYAR
LMJ,BYP/06/26/00725,19B005,2026-06-12,62300000.00,.00,.00,.00,62300000.00,BELUM BAYAR
LMJ,BYP/06/26/00726,19B005,2026-06-12,62300000.00,.00,.00,.00,62300000.00,BELUM BAYAR
LMJ,BYP/06/26/00803,19B005,2026-06-13,61250000.00,.00,.00,.00,61250000.00,BELUM BAYAR
LMJ,BYP/06/26/00801,19B005,2026-06-13,61250000.00,.00,.00,.00,61250000.00,BELUM BAYAR
LMJ,BYP/06/26/00804,19B005,2026-06-13,61775000.00,.00,.00,.00,61775000.00,BELUM BAYAR
LMJ,BYP/06/26/00806,19B005,2026-06-13,62437500.00,.00,.00,.00,62437500.00,BELUM BAYAR
MDN,BYP/06/26/00792,19B005,2026-06-13,70300000.00,.00,.00,.00,70300000.00,BELUM BAYAR
MDN,BYP/06/26/00793,19B005,2026-06-13,70562500.00,.00,.00,.00,70562500.00,BELUM BAYAR
MGT,BYP/06/26/00732,19B005,2026-06-12,71337500.00,.00,.00,.00,71337500.00,BELUM BAYAR
MGT,BYP/06/26/00733,19B005,2026-06-12,71600000.00,.00,.00,.00,71600000.00,BELUM BAYAR
MGT,BYP/06/26/00735,19B005,2026-06-12,70600000.00,.00,.00,.00,70600000.00,BELUM BAYAR
MGT,BYP/06/26/00734,19B005,2026-06-12,70825000.00,.00,.00,.00,70825000.00,BELUM BAYAR
MGT,BYP/06/26/00738,19B005,2026-06-12,70750000.00,.00,.00,.00,70750000.00,BELUM BAYAR
MGT,BYP/06/26/00736,19B005,2026-06-12,70000000.00,.00,.00,.00,70000000.00,BELUM BAYAR
MGT,BYP/06/26/00740,19B005,2026-06-12,70000000.00,.00,.00,.00,70000000.00,BELUM BAYAR
MGT,BYP/06/26/00737,19B005,2026-06-12,70600000.00,.00,.00,.00,70600000.00,BELUM BAYAR
MGT,BYP/06/26/00739,19B005,2026-06-12,70000000.00,.00,.00,.00,70000000.00,BELUM BAYAR
MGT,BYP/06/26/00741,19B005,2026-06-12,70000000.00,.00,.00,.00,70000000.00,BELUM BAYAR
MGT,BYP/06/26/00797,19B005,2026-06-13,70675000.00,.00,.00,.00,70675000.00,BELUM BAYAR
MGT,BYP/06/26/00799,19B005,2026-06-13,70000000.00,.00,.00,.00,70000000.00,BELUM BAYAR
MGT,BYP/06/26/00796,19B005,2026-06-13,70600000.00,.00,.00,.00,70600000.00,BELUM BAYAR
MGT,BYP/06/26/00800,19B005,2026-06-13,70000000.00,.00,.00,.00,70000000.00,BELUM BAYAR
MGT,BYP/06/26/00798,19B005,2026-06-13,70000000.00,.00,.00,.00,70000000.00,BELUM BAYAR
MGT,BYP/06/26/00805,19B005,2026-06-13,71350000.00,.00,.00,.00,71350000.00,BELUM BAYAR
MJK,BYP/06/26/00680,19B005,2026-06-11,71200000.00,.00,.00,.00,71200000.00,BELUM BAYAR
MJK,BYP/06/26/00677,19B005,2026-06-11,71200000.00,.00,.00,.00,71200000.00,BELUM BAYAR
MJK,BYP/06/26/00679,19B005,2026-06-11,71200000.00,.00,.00,.00,71200000.00,BELUM BAYAR
MJK,BYP/06/26/00669,19B005,2026-06-11,70700000.00,.00,.00,.00,70700000.00,BELUM BAYAR
MJK,BYP/06/26/00678,19B005,2026-06-11,70600000.00,.00,.00,.00,70600000.00,BELUM BAYAR
MJK,BYP/06/26/00747,19B005,2026-06-12,71200000.00,.00,.00,.00,71200000.00,BELUM BAYAR
MJK,BYP/06/26/00745,19B005,2026-06-12,71200000.00,.00,.00,.00,71200000.00,BELUM BAYAR
MJK,BYP/06/26/00749,19B005,2026-06-12,71200000.00,.00,.00,.00,71200000.00,BELUM BAYAR
MJK,BYP/06/26/00743,19B005,2026-06-12,70600000.00,.00,.00,.00,70600000.00,BELUM BAYAR
MJK,BYP/06/26/00744,19B005,2026-06-12,70600000.00,.00,.00,.00,70600000.00,BELUM BAYAR
MJK,BYP/06/26/00746,19B005,2026-06-12,71475000.00,.00,.00,.00,71475000.00,BELUM BAYAR
MJK,BYP/06/26/00748,19B005,2026-06-12,71200000.00,.00,.00,.00,71200000.00,BELUM BAYAR
MJK,BYP/06/26/00750,19B005,2026-06-12,71200000.00,.00,.00,.00,71200000.00,BELUM BAYAR
MJK,BYP/06/26/00807,19B005,2026-06-13,71200000.00,.00,.00,.00,71200000.00,BELUM BAYAR
MJK,BYP/06/26/00810,19B005,2026-06-13,71200000.00,.00,.00,.00,71200000.00,BELUM BAYAR
MJK,BYP/06/26/00816,19B005,2026-06-13,70600000.00,.00,.00,.00,70600000.00,BELUM BAYAR
MJK,BYP/06/26/00818,19B005,2026-06-13,71200000.00,.00,.00,.00,71200000.00,BELUM BAYAR
MJK,BYP/06/26/00815,19B005,2026-06-13,70000000.00,.00,.00,.00,70000000.00,BELUM BAYAR
MJK,BYP/06/26/00817,19B005,2026-06-13,71200000.00,.00,.00,.00,71200000.00,BELUM BAYAR
MJK,BYP/06/26/00808,19B005,2026-06-13,71200000.00,.00,.00,.00,71200000.00,BELUM BAYAR
MJK,BYP/06/26/00819,19B005,2026-06-13,71400000.00,.00,.00,.00,71400000.00,BELUM BAYAR
MLG,BYP/06/26/00707,19B005,2026-06-11,70000000.00,.00,.00,.00,70000000.00,BELUM BAYAR
MLG,BYP/06/26/00710,19B005,2026-06-11,71200000.00,.00,.00,.00,71200000.00,BELUM BAYAR
MLG,BYP/06/26/00705,19B005,2026-06-11,71200000.00,.00,.00,.00,71200000.00,BELUM BAYAR
MLG,BYP/06/26/00706,19B005,2026-06-11,71375000.00,.00,.00,.00,71375000.00,BELUM BAYAR
MLG,BYP/06/26/00709,19B005,2026-06-11,70000000.00,.00,.00,.00,70000000.00,BELUM BAYAR
MLG,BYP/06/26/00711,19B005,2026-06-11,70600000.00,.00,.00,.00,70600000.00,BELUM BAYAR
MLG,BYP/06/26/00708,19B005,2026-06-11,70600000.00,.00,.00,.00,70600000.00,BELUM BAYAR
MLG,BYP/06/26/00712,19B005,2026-06-11,71225000.00,.00,.00,.00,71225000.00,BELUM BAYAR
MLG,BYP/06/26/00770,19B005,2026-06-12,71200000.00,.00,.00,.00,71200000.00,BELUM BAYAR
MLG,BYP/06/26/00777,19B005,2026-06-12,70000000.00,.00,.00,.00,70000000.00,BELUM BAYAR
MLG,BYP/06/26/00780,19B005,2026-06-12,70300000.00,.00,.00,.00,70300000.00,BELUM BAYAR
MLG,BYP/06/26/00783,19B005,2026-06-12,71200000.00,.00,.00,.00,71200000.00,BELUM BAYAR
MLG,BYP/06/26/00784,19B005,2026-06-12,70000000.00,.00,.00,.00,70000000.00,BELUM BAYAR
MLG,BYP/06/26/00785,19B005,2026-06-12,70700000.00,.00,.00,.00,70700000.00,BELUM BAYAR
MLG,BYP/06/26/00778,19B005,2026-06-12,70600000.00,.00,.00,.00,70600000.00,BELUM BAYAR
MLG,BYP/06/26/00782,19B005,2026-06-12,71050000.00,.00,.00,.00,71050000.00,BELUM BAYAR
MLG,BYP/06/26/00787,19B005,2026-06-12,71375000.00,.00,.00,.00,71375000.00,BELUM BAYAR
MLG,BYP/06/26/00771,19B005,2026-06-12,70000000.00,.00,.00,.00,70000000.00,BELUM BAYAR
MLG,BYP/06/26/00772,19B005,2026-06-12,70000000.00,.00,.00,.00,70000000.00,BELUM BAYAR
MLG,BYP/06/26/00775,19B005,2026-06-12,70000000.00,.00,.00,.00,70000000.00,BELUM BAYAR
MLG,BYP/06/26/00786,19B005,2026-06-12,71200000.00,.00,.00,.00,71200000.00,BELUM BAYAR
MLG,BYP/06/26/00864,19B005,2026-06-13,71200000.00,.00,.00,.00,71200000.00,BELUM BAYAR
MLG,BYP/06/26/00866,19B005,2026-06-13,70000000.00,.00,.00,.00,70000000.00,BELUM BAYAR
MLG,BYP/06/26/00871,19B005,2026-06-13,71325000.00,.00,.00,.00,71325000.00,BELUM BAYAR
MLG,BYP/06/26/00872,19B005,2026-06-13,70600000.00,.00,.00,.00,70600000.00,BELUM BAYAR
MLG,BYP/06/26/00873,19B005,2026-06-13,70150000.00,.00,.00,.00,70150000.00,BELUM BAYAR
MLG,BYP/06/26/00880,19B005,2026-06-13,71550000.00,.00,.00,.00,71550000.00,BELUM BAYAR
MLG,BYP/06/26/00874,19B005,2026-06-13,70450000.00,.00,.00,.00,70450000.00,BELUM BAYAR
MLG,BYP/06/26/00865,19B005,2026-06-13,70600000.00,.00,.00,.00,70600000.00,BELUM BAYAR
MLG,BYP/06/26/00867,19B005,2026-06-13,71200000.00,.00,.00,.00,71200000.00,BELUM BAYAR
MLG,BYP/06/26/00869,19B005,2026-06-13,71200000.00,.00,.00,.00,71200000.00,BELUM BAYAR
MLG,BYP/06/26/00870,19B005,2026-06-13,70000000.00,.00,.00,.00,70000000.00,BELUM BAYAR
MLG,BYP/06/26/00876,19B005,2026-06-13,71200000.00,.00,.00,.00,71200000.00,BELUM BAYAR
MLG,BYP/06/26/00879,19B005,2026-06-13,70900000.00,.00,.00,.00,70900000.00,BELUM BAYAR
MLG,BYP/06/26/00868,19B005,2026-06-13,70000000.00,.00,.00,.00,70000000.00,BELUM BAYAR
MLG,BYP/06/26/00878,19B005,2026-06-13,70000000.00,.00,.00,.00,70000000.00,BELUM BAYAR
PRB,BYP/06/26/00636,19B005,2026-06-11,70000000.00,.00,.00,.00,70000000.00,BELUM BAYAR
PRB,BYP/06/26/00728,19B005,2026-06-12,71350000.00,.00,.00,.00,71350000.00,BELUM BAYAR
PRB,BYP/06/26/00727,19B005,2026-06-12,71200000.00,.00,.00,.00,71200000.00,BELUM BAYAR
PRB,BYP/06/26/00788,19B005,2026-06-13,70000000.00,.00,.00,.00,70000000.00,BELUM BAYAR
PRB,BYP/06/26/00773,19B005,2026-06-13,70450000.00,.00,.00,.00,70450000.00,BELUM BAYAR
PRB,BYP/06/26/00767,19B005,2026-06-13,71200000.00,.00,.00,.00,71200000.00,BELUM BAYAR
PSR,BYP/11/25/01636,19B005,2025-11-08,64000000.00,.00,.00,.00,64000000.00,BELUM BAYAR
PSR,BYP/11/25/01635,19B005,2025-11-29,65050000.00,.00,.00,.00,65050000.00,BELUM BAYAR
PSR,BYP/06/26/00663,19B005,2026-06-11,71200000.00,.00,.00,.00,71200000.00,BELUM BAYAR
PSR,BYP/06/26/00665,19B005,2026-06-11,70000000.00,.00,.00,.00,70000000.00,BELUM BAYAR
PSR,BYP/06/26/00662,19B005,2026-06-11,71200000.00,.00,.00,.00,71200000.00,BELUM BAYAR
PSR,BYP/06/26/00664,19B005,2026-06-11,70862500.00,.00,.00,.00,70862500.00,BELUM BAYAR
PSR,BYP/06/26/00719,19B005,2026-06-12,70000000.00,.00,.00,.00,70000000.00,BELUM BAYAR
PSR,BYP/06/26/00721,19B005,2026-06-12,70000000.00,.00,.00,.00,70000000.00,BELUM BAYAR
PSR,BYP/06/26/00720,19B005,2026-06-12,70000000.00,.00,.00,.00,70000000.00,BELUM BAYAR
PSR,BYP/06/26/00723,19B005,2026-06-12,71325000.00,.00,.00,.00,71325000.00,BELUM BAYAR
PSR,BYP/06/26/00724,19B005,2026-06-12,70000000.00,.00,.00,.00,70000000.00,BELUM BAYAR
PSR,BYP/06/26/00722,19B005,2026-06-12,71312500.00,.00,.00,.00,71312500.00,BELUM BAYAR
PSR,BYP/06/26/00768,19B005,2026-06-13,70937500.00,.00,.00,.00,70937500.00,BELUM BAYAR
SLM,BYP/06/26/00577,19B005,2026-06-10,71200000.00,.00,.00,.00,71200000.00,BELUM BAYAR
SLM,BYP/06/26/00731,19B005,2026-06-12,71200000.00,.00,.00,.00,71200000.00,BELUM BAYAR
TAG,BYP/11/25/01638,19B005,2025-11-29,64825000.00,.00,.00,.00,64825000.00,BELUM BAYAR
TAG,BYP/06/26/00637,19B005,2026-06-11,71200000.00,.00,.00,.00,71200000.00,BELUM BAYAR
TAG,BYP/06/26/00638,19B005,2026-06-11,70000000.00,.00,.00,.00,70000000.00,BELUM BAYAR
TAG,BYP/06/26/00639,19B005,2026-06-11,71275000.00,.00,.00,.00,71275000.00,BELUM BAYAR
TAG,BYP/06/26/00715,19B005,2026-06-12,71200000.00,.00,.00,.00,71200000.00,BELUM BAYAR
TAG,BYP/06/26/00713,19B005,2026-06-12,71262500.00,.00,.00,.00,71262500.00,BELUM BAYAR
TAG,BYP/06/26/00714,19B005,2026-06-12,70000000.00,.00,.00,.00,70000000.00,BELUM BAYAR
TAG,BYP/06/26/00716,19B005,2026-06-12,70000000.00,.00,.00,.00,70000000.00,BELUM BAYAR
TAG,BYP/06/26/00789,19B005,2026-06-13,70450000.00,.00,.00,.00,70450000.00,BELUM BAYAR
TAG,BYP/06/26/00769,19B005,2026-06-13,70000000.00,.00,.00,.00,70000000.00,BELUM BAYAR
TAG,BYP/06/26/00790,19B005,2026-06-13,70450000.00,.00,.00,.00,70450000.00,BELUM BAYAR
TAG,BYP/06/26/00791,19B005,2026-06-13,70450000.00,.00,.00,.00,70450000.00,BELUM BAYAR
TAG,BYP/06/26/00794,19B005,2026-06-13,70862500.00,.00,.00,.00,70862500.00,BELUM BAYAR
TAG,BYP/06/26/00795,19B005,2026-06-13,70925000.00,.00,.00,.00,70925000.00,BELUM BAYAR
